participant,age,question,answer
p1,38,0,7.55409440721749
p1,38,1,17.305572232169
p1,38,2,28.2206539096634
p1,38,3,36.4816382423111
p2,21,0,3.64281999633712
p2,21,1,9.78257882155335
p2,21,2,13.8903033678989
p2,21,3,19.4455906922022
p3,40,0,7.53417065625754
p3,40,1,19.3976448583392
p3,40,2,30.962094752348
p3,40,3,41.4742228318022
